Economy,Current_Year,Region,LPI_Score,LPI_Grouped_Rank,Customs_Score,Infrastructure_Score,International_Shipments_Score,Logistics_Competence_and_Quality_Score,Timeliness_Score,Tracking_and_Tracing_Score
Singapore,2023,Asia,4.3,1,4.2,4.6,4.0,4.4,4.3,4.4
Finland,2023,Europe,4.2,2,4.0,4.2,4.1,4.2,4.3,4.2
Denmark,2023,Europe,4.1,3,4.1,4.1,3.6,4.1,4.1,4.3
Germany,2023,Europe,4.1,3,3.9,4.3,3.7,4.2,4.1,4.2
Netherlands,2023,Europe,4.1,3,3.9,4.2,3.7,4.2,4.0,4.2
Switzerland,2023,Europe,4.1,3,4.1,4.4,3.6,4.3,4.2,4.2
Austria,2023,Europe,4.0,7,3.7,3.9,3.8,4.0,4.3,4.2
Belgium,2023,Europe,4.0,7,3.9,4.1,3.8,4.2,4.2,4.0
Canada,2023,North America,4.0,7,4.0,4.3,3.6,4.2,4.1,4.1
"Hong Kong SAR, China",2023,Asia,4.0,7,3.8,4.0,4.0,4.0,4.1,4.2
Sweden,2023,Europe,4.0,7,4.0,4.2,3.4,4.2,4.2,4.1
United Arab Emirates,2023,Middle East,4.0,7,3.7,4.1,3.8,4.0,4.2,4.1
France,2023,Europe,3.9,13,3.7,3.8,3.7,3.8,4.1,4.0
Japan,2023,Asia,3.9,13,3.9,4.2,3.3,4.1,4.0,4.0
Spain,2023,Europe,3.9,13,3.6,3.8,3.7,3.9,4.2,4.1
"Taiwan, China",2023,Asia,3.9,13,3.5,3.8,3.7,3.9,4.2,4.2
"Korea, Rep.",2023,Asia,3.8,17,3.9,4.1,3.4,3.8,3.8,3.8
United States,2023,North America,3.8,17,3.7,3.9,3.4,3.9,3.8,4.2
Australia,2023,Oceania,3.7,19,3.7,4.1,3.1,3.9,3.6,4.1
China,2023,Asia,3.7,19,3.3,4.0,3.6,3.8,3.7,3.8
Greece,2023,Europe,3.7,19,3.2,3.7,3.8,3.8,3.9,3.9
Italy,2023,Europe,3.7,19,3.4,3.8,3.4,3.8,3.9,3.9
Norway,2023,Europe,3.7,19,3.8,3.9,3.0,3.8,4.0,3.7
South Africa,2023,Africa,3.7,19,3.3,3.6,3.6,3.8,3.8,3.8
United Kingdom,2023,Europe,3.7,19,3.5,3.7,3.5,3.7,3.7,4.0
Estonia,2023,Europe,3.6,26,3.2,3.5,3.4,3.7,4.1,3.8
Iceland,2023,Europe,3.6,26,3.7,3.6,3.3,3.5,3.6,3.7
Ireland,2023,Europe,3.6,26,3.4,3.5,3.6,3.6,3.7,3.7
Israel,2023,Middle East,3.6,26,3.4,3.7,3.5,3.8,3.8,3.7
Luxembourg,2023,Europe,3.6,26,3.6,3.6,3.6,3.9,3.5,3.5
Malaysia,2023,Asia,3.6,26,3.3,3.6,3.7,3.7,3.7,3.7
New Zealand,2023,Oceania,3.6,26,3.4,3.8,3.2,3.7,3.8,3.8
Poland,2023,Europe,3.6,26,3.4,3.5,3.3,3.6,3.9,3.8
Bahrain,2023,Middle East,3.5,34,3.3,3.6,3.1,3.3,4.1,3.4
Latvia,2023,Europe,3.5,34,3.3,3.3,3.2,3.7,4.0,3.6
Qatar,2023,Middle East,3.5,34,3.1,3.8,3.1,3.9,3.5,3.6
Thailand,2023,Asia,3.5,34,3.3,3.7,3.5,3.5,3.5,3.6
India,2023,Asia,3.4,38,3.0,3.2,3.5,3.5,3.6,3.4
Lithuania,2023,Europe,3.4,38,3.2,3.5,3.4,3.6,3.6,3.1
Portugal,2023,Europe,3.4,38,3.2,3.6,3.1,3.6,3.6,3.2
Saudi Arabia,2023,Middle East,3.4,38,3.0,3.6,3.3,3.3,3.6,3.5
Turkey,2023,Europe,3.4,38,3.0,3.4,3.4,3.5,3.6,3.5
Croatia,2023,Europe,3.3,43,3.0,3.0,3.6,3.4,3.2,3.4
Czech Republic,2023,Europe,3.3,43,3.0,3.0,3.4,3.6,3.7,3.2
Malta,2023,Europe,3.3,43,3.4,3.7,3.0,3.4,3.2,3.4
Oman,2023,Middle East,3.3,43,3.0,3.2,3.4,3.2,3.1,3.9
Philippines,2023,Asia,3.3,43,2.8,3.2,3.1,3.3,3.9,3.3
Slovak Republic,2023,Europe,3.3,43,3.2,3.3,3.0,3.4,3.5,3.3
Slovenia,2023,Europe,3.3,43,3.4,3.6,3.4,3.3,3.3,3.0
Vietnam,2023,Asia,3.3,43,3.1,3.2,3.3,3.2,3.3,3.4
Brazil,2023,South America,3.2,51,2.9,3.2,2.9,3.3,3.5,3.2
Bulgaria,2023,Europe,3.2,51,3.1,3.1,3.0,3.3,3.5,3.3
Cyprus,2023,Europe,3.2,51,2.9,2.8,3.1,3.2,3.5,3.4
Hungary,2023,Europe,3.2,51,2.7,3.1,3.4,3.1,3.6,3.4
Kuwait,2023,Middle East,3.2,51,3.2,3.6,3.2,2.9,2.8,3.3
Romania,2023,Europe,3.2,51,2.7,2.9,3.4,3.3,3.6,3.5
Botswana,2023,Africa,3.1,57,3.0,3.1,3.0,3.4,3.3,3.0
"Egypt, Arab Rep.",2023,Africa,3.1,57,2.8,3.0,3.2,2.9,3.6,2.9
North Macedonia,2023,Europe,3.1,57,3.1,3.0,2.8,3.2,3.5,3.2
Panama,2023,Central America,3.1,57,3.0,3.3,3.1,3.0,3.4,2.9
Bosnia and Herzegovina,2023,Europe,3.0,61,2.7,2.6,3.1,2.9,3.2,3.2
Chile,2023,South America,3.0,61,3.0,2.8,2.7,3.1,3.2,3.0
Indonesia,2023,Asia,3.0,61,2.8,2.9,3.0,2.9,3.3,3.0
Peru,2023,South America,3.0,61,2.6,2.5,3.1,2.7,3.4,3.4
Uruguay,2023,South America,3.0,61,2.9,2.7,2.7,3.1,3.2,3.3
Antigua and Barbuda,2023,Caribbean,2.9,66,2.2,2.7,2.9,2.9,3.4,3.2
Benin,2023,Africa,2.9,66,2.7,2.5,2.9,3.0,2.7,3.2
Colombia,2023,South America,2.9,66,2.5,2.9,3.0,3.1,3.2,3.1
Costa Rica,2023,Central America,2.9,66,2.8,2.7,2.8,2.9,3.2,2.9
Honduras,2023,Central America,2.9,66,2.8,2.7,3.0,2.7,3.2,2.6
Mexico,2023,North America,2.9,66,2.5,2.8,2.8,3.0,3.5,3.1
Namibia,2023,Africa,2.9,66,2.8,2.8,3.0,2.9,2.9,2.8
Argentina,2023,South America,2.8,73,2.7,2.8,2.7,2.7,3.1,2.9
Montenegro,2023,Europe,2.8,73,2.6,2.5,2.8,2.8,3.2,3.2
Rwanda,2023,Africa,2.8,73,2.5,2.9,2.4,3.0,3.1,3.0
Serbia,2023,Europe,2.8,73,2.2,2.4,2.9,2.7,3.4,2.9
Solomon Islands,2023,Oceania,2.8,73,2.4,2.6,2.9,2.9,3.2,2.9
Sri Lanka,2023,Asia,2.8,73,2.5,2.4,2.8,2.7,3.3,3.0
"Bahamas, The",2023,Caribbean,2.7,79,2.7,2.5,3.1,2.5,3.0,2.6
Belarus,2023,Europe,2.7,79,2.6,2.7,2.6,2.6,3.1,2.6
Djibouti,2023,Africa,2.7,79,2.6,2.3,2.5,2.8,3.6,2.7
El Salvador,2023,Central America,2.7,79,2.4,2.2,2.6,2.7,3.2,2.9
Georgia,2023,Europe,2.7,79,2.6,2.3,2.7,2.6,3.1,2.8
Kazakhstan,2023,Asia,2.7,79,2.6,2.5,2.6,2.7,2.9,2.8
Papua New Guinea,2023,Oceania,2.7,79,2.4,2.4,2.6,2.7,3.3,3.0
Paraguay,2023,South America,2.7,79,2.4,2.5,2.7,2.6,3.0,2.8
Ukraine,2023,Europe,2.7,79,2.4,2.4,2.8,2.6,3.1,2.6
Bangladesh,2023,Asia,2.6,88,2.3,2.3,2.6,2.7,3.0,2.4
"Congo, Rep.",2023,Africa,2.6,88,2.3,2.1,2.6,2.9,2.9,2.7
Dominican Republic,2023,Caribbean,2.6,88,2.6,2.7,2.4,2.6,3.1,2.4
Guatemala,2023,Central America,2.6,88,2.3,2.4,2.8,2.7,2.6,2.7
Guinea-Bissau,2023,Africa,2.6,88,2.7,2.4,2.9,2.9,2.4,2.3
Mali,2023,Africa,2.6,88,2.6,2.0,2.6,2.5,3.1,2.7
Nigeria,2023,Africa,2.6,88,2.4,2.4,2.5,2.3,3.1,2.7
Russian Federation,2023,Europe,2.6,88,2.4,2.7,2.3,2.6,2.9,2.5
Uzbekistan,2023,Asia,2.6,88,2.6,2.4,2.6,2.6,2.8,2.4
Albania,2023,Europe,2.5,97,2.4,2.7,2.8,2.3,2.5,2.3
Algeria,2023,Africa,2.5,97,2.3,2.1,3.0,2.2,2.6,2.5
Armenia,2023,Asia,2.5,97,2.5,2.6,2.2,2.6,2.7,2.3
Bhutan,2023,Asia,2.5,97,2.7,2.2,2.3,2.6,2.6,2.3
Central African Republic,2023,Africa,2.5,97,2.4,2.6,2.1,2.9,2.6,2.4
"Congo, Dem. Rep.",2023,Africa,2.5,97,2.3,2.3,2.5,2.4,2.8,2.5
Ghana,2023,Africa,2.5,97,2.7,2.4,2.4,2.5,2.7,2.2
Grenada,2023,Caribbean,2.5,97,2.6,2.5,2.6,2.2,3.1,2.3
Guinea,2023,Africa,2.5,97,2.4,2.4,2.2,2.7,2.5,2.7
Jamaica,2023,Caribbean,2.5,97,2.2,2.4,2.4,2.5,2.9,2.8
Mauritius,2023,Africa,2.5,97,2.4,2.5,1.9,2.5,3.1,2.9
Moldova,2023,Europe,2.5,97,1.9,1.9,2.7,2.8,3.0,2.8
Mongolia,2023,Asia,2.5,97,2.5,2.3,2.5,2.3,2.7,2.4
Nicaragua,2023,Central America,2.5,97,2.0,1.9,2.8,2.8,2.9,2.4
Tajikistan,2023,Asia,2.5,97,2.2,2.5,2.5,2.8,2.9,2.0
Togo,2023,Africa,2.5,97,2.3,2.3,3.0,2.4,2.8,2.3
Trinidad and Tobago,2023,Caribbean,2.5,97,2.2,2.4,2.5,2.4,2.9,2.5
Zimbabwe,2023,Africa,2.5,97,2.2,2.4,2.5,2.3,2.8,2.7
Bolivia,2023,South America,2.4,115,2.1,2.4,2.5,2.4,2.4,2.5
Cambodia,2023,Asia,2.4,115,2.2,2.1,2.3,2.4,2.7,2.8
Gabon,2023,Africa,2.4,115,2.0,2.2,2.6,2.0,3.0,2.5
Guyana,2023,South America,2.4,115,2.3,2.4,2.1,2.6,2.6,2.2
Iraq,2023,Middle East,2.4,115,2.1,2.2,2.5,2.2,3.0,2.4
Lao PDR,2023,Asia,2.4,115,2.3,2.3,2.3,2.4,2.8,2.4
Liberia,2023,Africa,2.4,115,2.1,2.4,2.8,2.4,2.3,2.4
Sudan,2023,Africa,2.4,115,2.1,2.3,2.4,2.4,2.7,2.3
Burkina Faso,2023,Africa,2.3,123,2.0,2.3,2.4,2.4,2.4,2.2
Fiji,2023,Oceania,2.3,123,2.3,2.2,2.3,2.3,2.3,2.2
"Gambia, The",2023,Africa,2.3,123,1.8,2.3,2.6,2.3,2.6,2.4
"Iran, Islamic Rep.",2023,Middle East,2.3,123,2.2,2.4,2.4,2.1,2.7,2.4
Kyrgyz Republic,2023,Asia,2.3,123,2.2,2.4,2.4,2.2,2.4,2.3
Madagascar,2023,Africa,2.3,123,1.8,1.8,2.9,2.2,2.6,2.0
Mauritania,2023,Africa,2.3,123,2.1,2.0,2.2,2.5,2.8,2.5
Syrian Arab Republic,2023,Middle East,2.3,123,2.2,2.2,2.3,2.2,2.5,2.3
"Venezuela, RB",2023,South America,2.3,123,2.1,2.4,2.0,2.5,2.5,2.3
Cuba,2023,Caribbean,2.2,133,2.0,2.2,2.1,2.2,2.6,2.4
"Yemen, Rep.",2023,Middle East,2.2,133,1.7,1.9,1.7,2.6,2.8,2.3
Angola,2023,Africa,2.1,135,1.7,2.1,2.4,2.3,2.1,2.3
Cameroon,2023,Africa,2.1,135,2.1,2.1,2.2,2.1,2.1,1.8
Haiti,2023,Caribbean,2.1,135,2.1,1.8,2.3,2.0,2.5,2.1
Somalia,2023,Africa,2.0,138,1.5,1.9,2.4,1.8,2.3,1.8
Afghanistan,2023,Asia,1.9,139,2.1,1.7,1.8,2.0,2.3,1.6
Libya,2023,Africa,1.9,139,1.9,1.7,2.0,1.9,2.2,1.8
Germany,2018,Europe,4.20,1,4.09,4.37,3.86,4.31,4.39,4.24
Sweden,2018,Europe,4.05,2,4.05,4.24,3.92,3.98,4.28,3.88
Belgium,2018,Europe,4.04,3,3.66,3.98,3.99,4.13,4.41,4.05
Austria,2018,Europe,4.03,4,3.71,4.18,3.88,4.08,4.25,4.09
Japan,2018,Asia,4.03,5,3.99,4.25,3.59,4.09,4.25,4.05
Netherlands,2018,Europe,4.02,6,3.92,4.21,3.68,4.09,4.25,4.02
Singapore,2018,Asia,4.00,7,3.89,4.06,3.58,4.10,4.32,4.08
Denmark,2018,Europe,3.99,8,3.92,3.96,3.53,4.01,4.41,4.18
United Kingdom,2018,Europe,3.99,9,3.77,4.03,3.67,4.05,4.33,4.11
Finland,2018,Europe,3.97,10,3.82,4.00,3.56,3.89,4.28,4.32
United Arab Emirates,2018,Middle East,3.96,11,3.63,4.02,3.85,3.92,4.38,3.96
"Hong Kong SAR, China",2018,Asia,3.92,12,3.81,3.97,3.77,3.93,4.14,3.92
Switzerland,2018,Europe,3.90,13,3.63,4.02,3.51,3.97,4.24,4.10
United States,2018,North America,3.89,14,3.78,4.05,3.51,3.87,4.08,4.09
New Zealand,2018,Oceania,3.88,15,3.71,3.99,3.43,4.02,4.26,3.92
France,2018,Europe,3.84,16,3.59,4.00,3.55,3.84,4.15,4.00
Spain,2018,Europe,3.83,17,3.62,3.84,3.83,3.80,4.06,3.83
Australia,2018,Oceania,3.75,18,3.87,3.97,3.25,3.71,3.98,3.82
Italy,2018,Europe,3.74,19,3.47,3.85,3.51,3.66,4.13,3.85
Canada,2018,North America,3.73,20,3.60,3.75,3.38,3.90,3.96,3.81
Norway,2018,Europe,3.70,21,3.52,3.69,3.43,3.69,3.94,3.94
Czech Republic,2018,Europe,3.68,22,3.29,3.46,3.75,3.72,4.13,3.70
Portugal,2018,Europe,3.64,23,3.17,3.25,3.83,3.71,4.13,3.72
Luxembourg,2018,Europe,3.63,24,3.53,3.63,3.37,3.76,3.90,3.61
"Korea, Rep.",2018,Asia,3.61,25,3.40,3.73,3.33,3.59,3.92,3.75
China,2018,Asia,3.61,26,3.29,3.75,3.54,3.59,3.84,3.65
"Taiwan, China",2018,Asia,3.60,27,3.47,3.72,3.48,3.57,3.72,3.67
Poland,2018,Europe,3.54,28,3.25,3.21,3.68,3.58,3.95,3.51
Ireland,2018,Europe,3.51,29,3.36,3.29,3.42,3.60,3.76,3.62
Qatar,2018,Middle East,3.47,30,3.00,3.38,3.75,3.42,3.70,3.56
Hungary,2018,Europe,3.42,31,3.35,3.27,3.22,3.21,3.79,3.67
Thailand,2018,Asia,3.41,32,3.14,3.14,3.46,3.41,3.81,3.47
South Africa,2018,Africa,3.38,33,3.17,3.19,3.51,3.19,3.74,3.41
Chile,2018,South America,3.32,34,3.27,3.21,3.27,3.13,3.80,3.20
Slovenia,2018,Europe,3.31,35,3.42,3.26,3.19,3.05,3.70,3.27
Estonia,2018,Europe,3.31,36,3.32,3.10,3.26,3.15,3.80,3.21
Israel,2018,Middle East,3.31,37,3.32,3.33,2.78,3.39,3.59,3.50
Panama,2018,Central America,3.28,38,2.87,3.13,3.31,3.33,3.60,3.40
Vietnam,2018,Asia,3.27,39,2.95,3.01,3.16,3.40,3.67,3.45
Iceland,2018,Europe,3.23,40,2.77,3.19,2.79,3.61,3.70,3.35
Malaysia,2018,Asia,3.22,41,2.90,3.15,3.35,3.30,3.46,3.15
Greece,2018,Europe,3.20,42,2.84,3.17,3.30,3.06,3.66,3.18
Oman,2018,Middle East,3.20,43,2.87,3.16,3.30,3.05,3.80,2.97
India,2018,Asia,3.18,44,2.96,2.91,3.21,3.13,3.50,3.32
Cyprus,2018,Europe,3.15,45,3.05,2.89,3.15,3.00,3.62,3.15
Indonesia,2018,Asia,3.15,46,2.67,2.90,3.23,3.10,3.67,3.30
Turkey,2018,Europe,3.15,47,2.71,3.21,3.06,3.05,3.63,3.23
Romania,2018,Europe,3.12,48,2.58,2.91,3.18,3.07,3.68,3.26
Croatia,2018,Europe,3.10,49,2.98,3.01,2.93,3.10,3.59,3.01
Côte d'Ivoire,2018,Africa,3.08,50,2.78,2.89,3.21,3.23,3.23,3.14
Mexico,2018,North America,3.05,51,2.77,2.85,3.10,3.02,3.53,3.00
Bulgaria,2018,Europe,3.03,52,2.94,2.76,3.23,2.88,3.31,3.02
Slovak Republic,2018,Europe,3.03,53,2.79,3.00,3.10,3.14,3.14,2.99
Lithuania,2018,Europe,3.02,54,2.85,2.73,2.79,2.96,3.65,3.12
Saudi Arabia,2018,Middle East,3.01,55,2.66,3.11,2.99,2.86,3.30,3.17
Brazil,2018,South America,2.99,56,2.41,2.93,2.88,3.09,3.51,3.11
Rwanda,2018,Africa,2.97,57,2.67,2.76,3.39,2.85,3.35,2.75
Colombia,2018,South America,2.94,58,2.61,2.67,3.19,2.87,3.17,3.08
Bahrain,2018,Middle East,2.93,59,2.67,2.72,3.02,2.86,3.29,3.01
Philippines,2018,Asia,2.90,60,2.53,2.73,3.29,2.78,2.98,3.06
Argentina,2018,South America,2.89,61,2.42,2.77,2.92,2.78,3.37,3.05
Ecuador,2018,South America,2.88,62,2.80,2.72,2.75,2.75,3.19,3.07
Kuwait,2018,Middle East,2.86,63,2.73,3.02,2.63,2.80,3.37,2.66
"Iran, Islamic Rep.",2018,Middle East,2.85,64,2.63,2.77,2.76,2.84,3.36,2.77
Serbia,2018,Europe,2.84,65,2.60,2.60,2.97,2.70,3.33,2.79
Ukraine,2018,Europe,2.83,66,2.49,2.22,2.83,2.84,3.42,3.11
"Egypt, Arab Rep.",2018,Africa,2.82,67,2.60,2.82,2.79,2.82,3.19,2.72
Kenya,2018,Africa,2.81,68,2.65,2.55,2.62,2.81,3.18,3.07
Malta,2018,Europe,2.81,69,2.70,2.90,2.70,2.80,3.01,2.80
Latvia,2018,Europe,2.81,70,2.80,2.98,2.74,2.69,2.88,2.79
Kazakhstan,2018,Asia,2.81,71,2.66,2.55,2.73,2.58,3.53,2.78
Bosnia and Herzegovina,2018,Europe,2.81,72,2.63,2.42,2.84,2.80,3.21,2.89
Costa Rica,2018,Central America,2.79,73,2.63,2.49,2.78,2.70,3.16,2.96
Paraguay,2018,South America,2.78,74,2.64,2.55,2.69,2.72,3.45,2.61
Russian Federation,2018,Europe,2.76,75,2.42,2.78,2.64,2.75,3.31,2.65
Benin,2018,Africa,2.75,76,2.56,2.50,2.73,2.50,3.42,2.75
Montenegro,2018,Europe,2.75,77,2.56,2.57,2.68,2.72,3.33,2.58
Mauritius,2018,Africa,2.73,78,2.71,2.80,2.12,2.86,3.00,3.00
Lebanon,2018,Middle East,2.72,79,2.38,2.64,2.80,2.47,3.18,2.80
Brunei Darussalam,2018,Asia,2.71,80,2.62,2.46,2.51,2.71,3.17,2.75
"Macedonia, FYR",2018,Europe,2.70,81,2.45,2.47,2.84,2.74,3.03,2.64
Lao PDR,2018,Asia,2.70,82,2.61,2.44,2.72,2.65,2.84,2.91
Peru,2018,South America,2.69,83,2.53,2.28,2.84,2.42,3.45,2.55
Jordan,2018,Middle East,2.69,84,2.49,2.72,2.44,2.55,3.18,2.77
Uruguay,2018,South America,2.69,85,2.51,2.43,2.73,2.71,2.91,2.78
Maldives,2018,Asia,2.67,86,2.40,2.72,2.66,2.29,3.32,2.60
Dominican Republic,2018,Caribbean,2.66,87,2.41,2.36,2.77,2.44,2.98,2.97
Albania,2018,Europe,2.66,88,2.35,2.29,2.82,2.56,3.20,2.67
São Tomé and Principe,2018,Africa,2.65,89,2.71,2.33,2.42,2.65,3.01,2.78
Djibouti,2018,Africa,2.63,90,2.35,2.79,2.45,2.25,3.15,2.85
Burkina Faso,2018,Africa,2.62,91,2.41,2.43,2.92,2.46,3.04,2.40
Armenia,2018,Asia,2.61,92,2.57,2.48,2.65,2.50,2.90,2.51
Honduras,2018,Central America,2.60,93,2.24,2.47,2.66,2.72,2.83,2.68
Sri Lanka,2018,Asia,2.60,94,2.58,2.49,2.51,2.42,2.79,2.79
Cameroon,2018,Africa,2.60,95,2.46,2.57,2.87,2.60,2.57,2.47
Mali,2018,Africa,2.59,96,2.15,2.30,2.70,2.45,2.83,3.08
Malawi,2018,Africa,2.59,97,2.43,2.18,2.55,2.68,2.98,2.67
Cambodia,2018,Asia,2.58,98,2.37,2.14,2.79,2.41,3.16,2.52
Uzbekistan,2018,Asia,2.58,99,2.10,2.57,2.42,2.59,3.09,2.71
Bangladesh,2018,Asia,2.58,100,2.30,2.39,2.56,2.48,2.92,2.79
El Salvador,2018,Central America,2.58,101,2.30,2.25,2.71,2.56,3.10,2.47
Uganda,2018,Africa,2.58,102,2.61,2.19,2.76,2.50,2.90,2.41
Belarus,2018,Europe,2.57,103,2.35,2.44,2.31,2.64,3.18,2.54
Solomon Islands,2018,Oceania,2.57,104,2.77,2.21,2.20,2.73,3.12,2.37
Tunisia,2018,Africa,2.57,105,2.38,2.10,2.50,2.30,3.24,2.86
Ghana,2018,Africa,2.57,106,2.45,2.44,2.53,2.51,2.87,2.57
Comoros,2018,Africa,2.56,107,2.63,2.25,2.49,2.21,2.80,2.93
Kyrgyz Republic,2018,Asia,2.55,108,2.75,2.38,2.22,2.36,2.94,2.64
Morocco,2018,Africa,2.54,109,2.33,2.43,2.58,2.49,2.88,2.51
Nigeria,2018,Africa,2.53,110,1.97,2.56,2.52,2.40,3.07,2.68
Zambia,2018,Africa,2.53,111,2.18,2.30,3.05,2.48,3.05,1.98
"Bahamas, The",2018,Caribbean,2.53,112,2.68,2.41,2.50,2.27,2.75,2.52
Jamaica,2018,Caribbean,2.52,113,2.42,2.32,2.53,2.54,2.79,2.48
Nepal,2018,Asia,2.51,114,2.29,2.19,2.36,2.46,3.10,2.65
"Congo, Rep.",2018,Africa,2.49,115,2.27,2.07,2.87,2.28,2.95,2.38
Moldova,2018,Europe,2.46,116,2.25,2.02,2.69,2.30,3.17,2.21
Algeria,2018,Africa,2.45,117,2.13,2.42,2.39,2.39,2.76,2.60
Togo,2018,Africa,2.45,118,2.31,2.23,2.52,2.25,2.88,2.45
Georgia,2018,Europe,2.44,119,2.42,2.38,2.38,2.26,2.95,2.26
"Congo, Dem. Rep.",2018,Africa,2.43,120,2.37,2.12,2.37,2.49,2.69,2.51
Sudan,2018,Africa,2.43,121,2.14,2.18,2.58,2.51,2.62,2.51
Pakistan,2018,Asia,2.42,122,2.12,2.20,2.63,2.59,2.66,2.27
Chad,2018,Africa,2.42,123,2.15,2.37,2.37,2.62,2.62,2.37
Trinidad and Tobago,2018,Caribbean,2.42,124,2.42,2.38,2.59,2.27,2.53,2.27
Guatemala,2018,Central America,2.41,125,2.16,2.20,2.33,2.25,3.11,2.42
Turkmenistan,2018,Asia,2.41,126,2.35,2.23,2.29,2.31,2.72,2.56
"Gambia, The",2018,Africa,2.40,127,2.08,1.82,2.71,2.21,2.71,2.81
Madagascar,2018,Africa,2.39,128,2.32,2.16,2.19,2.33,2.73,2.61
Guinea-Bissau,2018,Africa,2.39,129,2.01,1.78,2.53,2.28,2.86,2.78
Mongolia,2018,Asia,2.37,130,2.22,2.10,2.49,2.21,3.06,2.10
Bolivia,2018,South America,2.36,131,2.32,2.15,2.54,2.21,2.74,2.13
Guyana,2018,South America,2.36,132,2.55,2.09,2.17,2.24,2.65,2.44
Fiji,2018,Oceania,2.35,133,2.41,2.40,2.16,2.31,2.54,2.31
Tajikistan,2018,Asia,2.34,134,1.92,2.17,2.31,2.33,2.95,2.33
Mauritania,2018,Africa,2.33,135,2.20,2.26,2.19,2.19,2.68,2.47
Equatorial Guinea,2018,Africa,2.32,136,1.91,1.88,2.88,2.25,2.75,2.13
Myanmar,2018,Asia,2.30,137,2.17,1.99,2.20,2.28,2.91,2.20
Syrian Arab Republic,2018,Middle East,2.30,138,1.82,2.51,2.37,2.29,2.44,2.37
Lesotho,2018,Africa,2.28,139,2.36,1.96,2.21,2.03,2.70,2.37
"Yemen, Rep.",2018,Middle East,2.27,140,2.40,2.12,2.21,2.26,2.43,2.16
Senegal,2018,Africa,2.25,141,2.17,2.22,2.36,2.11,2.52,2.11
"Venezuela, RB",2018,South America,2.23,142,1.79,2.10,2.38,2.21,2.58,2.29
Liberia,2018,Africa,2.23,143,1.91,1.91,2.08,2.14,3.25,2.05
Somalia,2018,Africa,2.21,144,2.00,1.81,2.61,2.30,2.20,2.23
Guinea,2018,Africa,2.20,145,2.45,1.56,2.32,2.07,2.04,2.70
Cuba,2018,Caribbean,2.20,146,2.03,2.04,2.27,2.20,2.46,2.15
Iraq,2018,Middle East,2.18,147,1.84,2.03,2.32,1.91,2.72,2.19
Papua New Guinea,2018,Oceania,2.17,148,2.32,1.97,2.15,1.88,2.44,2.26
Bhutan,2018,Asia,2.17,149,2.14,1.91,1.80,2.35,2.49,2.35
Gabon,2018,Africa,2.16,150,1.96,2.09,2.10,2.07,2.67,2.07
Central African Republic,2018,Africa,2.15,151,2.24,1.93,2.30,1.93,2.33,2.10
Zimbabwe,2018,Africa,2.12,152,2.00,1.83,2.06,2.16,2.39,2.26
Haiti,2018,Caribbean,2.11,153,2.03,1.94,2.01,2.19,2.44,2.05
Libya,2018,Africa,2.11,154,1.95,2.25,1.99,2.05,2.77,1.64
Eritrea,2018,Africa,2.09,155,2.13,1.86,2.09,2.17,2.08,2.17
Sierra Leone,2018,Africa,2.08,156,1.82,1.82,2.18,2.00,2.34,2.27
Niger,2018,Africa,2.07,157,1.77,2.00,2.00,2.10,2.33,2.22
Burundi,2018,Africa,2.06,158,1.69,1.95,2.21,2.33,2.17,2.01
Angola,2018,Africa,2.05,159,1.57,1.86,2.20,2.00,2.59,2.00
Afghanistan,2018,Asia,1.95,160,1.73,1.81,2.10,1.92,2.38,1.70
Germany,2016,Europe,4.23,1,4.12,4.44,3.86,4.28,4.45,4.27
Luxembourg,2016,Europe,4.22,2,3.90,4.24,4.24,4.01,4.80,4.12
Sweden,2016,Europe,4.20,3,3.92,4.27,4.00,4.25,4.45,4.38
Netherlands,2016,Europe,4.19,4,4.12,4.29,3.94,4.22,4.41,4.17
Singapore,2016,Asia,4.14,5,4.18,4.20,3.96,4.09,4.40,4.05
Belgium,2016,Europe,4.11,6,3.83,4.05,4.05,4.07,4.43,4.22
Austria,2016,Europe,4.10,7,3.79,4.08,3.85,4.18,4.37,4.36
United Kingdom,2016,Europe,4.07,8,3.98,4.21,3.77,4.05,4.33,4.13
"Hong Kong SAR, China",2016,Asia,4.07,9,3.94,4.10,4.05,4.00,4.29,4.03
United States,2016,North America,3.99,10,3.75,4.15,3.65,4.01,4.25,4.20
Switzerland,2016,Europe,3.99,11,3.88,4.19,3.69,3.95,4.24,4.04
Japan,2016,Asia,3.97,12,3.85,4.10,3.69,3.99,4.21,4.03
United Arab Emirates,2016,Middle East,3.94,13,3.84,4.07,3.89,3.82,4.13,3.91
Canada,2016,North America,3.93,14,3.95,4.14,3.56,3.90,4.01,4.10
Finland,2016,Europe,3.92,15,4.01,4.01,3.51,3.88,4.14,4.04
France,2016,Europe,3.90,16,3.71,4.01,3.64,3.82,4.25,4.02
Denmark,2016,Europe,3.82,17,3.82,3.75,3.66,4.01,3.92,3.74
Ireland,2016,Europe,3.79,18,3.47,3.77,3.83,3.79,3.94,3.98
Australia,2016,Oceania,3.79,19,3.54,3.82,3.63,3.87,4.04,3.87
South Africa,2016,Africa,3.78,20,3.60,3.78,3.62,3.75,4.02,3.92
Italy,2016,Europe,3.76,21,3.45,3.79,3.65,3.77,4.03,3.86
Norway,2016,Europe,3.73,22,3.57,3.95,3.62,3.70,3.77,3.82
Spain,2016,Europe,3.73,23,3.48,3.72,3.63,3.73,4.00,3.82
"Korea, Rep.",2016,Asia,3.72,24,3.45,3.79,3.58,3.69,4.03,3.78
"Taiwan, China",2016,Asia,3.70,25,3.23,3.57,3.57,3.95,4.25,3.59
Czech Republic,2016,Europe,3.67,26,3.58,3.36,3.65,3.65,3.94,3.84
China,2016,Asia,3.66,27,3.32,3.75,3.70,3.62,3.90,3.68
Israel,2016,Middle East,3.66,28,3.50,3.49,3.38,3.60,4.27,3.72
Lithuania,2016,Europe,3.63,29,3.42,3.57,3.49,3.49,4.14,3.68
Qatar,2016,Middle East,3.60,30,3.55,3.57,3.58,3.54,3.83,3.50
Hungary,2016,Europe,3.43,31,3.02,3.48,3.44,3.35,3.88,3.40
Malaysia,2016,Asia,3.43,32,3.17,3.45,3.48,3.34,3.65,3.46
Poland,2016,Europe,3.43,33,3.27,3.17,3.44,3.39,3.80,3.46
Turkey,2016,Europe,3.42,34,3.18,3.49,3.41,3.31,3.75,3.39
India,2016,Asia,3.42,35,3.17,3.34,3.36,3.39,3.74,3.52
Portugal,2016,Europe,3.41,36,3.37,3.09,3.24,3.15,3.95,3.65
New Zealand,2016,Oceania,3.39,37,3.18,3.55,2.77,3.22,4.12,3.58
Estonia,2016,Europe,3.36,38,3.41,3.18,3.07,3.18,4.08,3.25
Iceland,2016,Europe,3.35,39,3.13,3.02,3.32,3.26,3.88,3.42
Panama,2016,Central America,3.34,40,3.13,3.28,3.65,3.18,3.74,2.95
Slovak Republic,2016,Europe,3.34,41,3.28,3.24,3.41,3.12,3.81,3.12
Kenya,2016,Africa,3.33,42,3.17,3.21,3.24,3.24,3.70,3.42
Latvia,2016,Europe,3.33,43,3.11,3.24,3.28,3.29,3.62,3.42
Bahrain,2016,Middle East,3.31,44,3.14,3.10,3.33,3.38,3.58,3.32
Thailand,2016,Asia,3.26,45,3.11,3.12,3.37,3.14,3.56,3.20
Chile,2016,South America,3.25,46,3.19,2.77,3.30,2.97,3.71,3.50
Greece,2016,Europe,3.24,47,2.85,3.32,2.97,2.91,3.85,3.59
Oman,2016,Middle East,3.23,48,2.76,3.44,3.35,3.26,3.50,3.09
"Egypt, Arab Rep.",2016,Africa,3.18,49,2.75,3.07,3.27,3.20,3.63,3.15
Slovenia,2016,Europe,3.18,50,2.88,3.19,3.10,3.20,3.47,3.27
Croatia,2016,Europe,3.16,51,3.07,2.99,3.12,3.21,3.39,3.16
Saudi Arabia,2016,Middle East,3.16,52,2.69,3.24,3.23,3.00,3.53,3.25
Kuwait,2016,Middle East,3.15,53,2.83,2.92,3.62,2.79,3.51,3.16
Mexico,2016,North America,3.11,54,2.88,2.89,3.00,3.14,3.38,3.40
Brazil,2016,South America,3.09,55,2.76,3.11,2.90,3.12,3.39,3.28
Malta,2016,Europe,3.07,56,2.78,2.94,3.09,2.85,3.61,3.12
Botswana,2016,Africa,3.05,57,3.05,2.96,2.91,2.74,3.72,2.89
Uganda,2016,Africa,3.04,58,2.97,2.74,2.88,2.93,3.70,3.01
Cyprus,2016,Europe,3.00,59,3.11,3.00,2.80,2.72,3.79,2.54
Romania,2016,Europe,2.99,60,3.00,2.88,3.06,2.82,3.22,2.95
Tanzania,2016,Africa,2.99,61,2.78,2.81,2.98,2.92,3.44,2.98
Rwanda,2016,Africa,2.99,62,2.93,2.62,3.05,2.87,3.35,3.04
Indonesia,2016,Asia,2.98,63,2.69,2.65,2.90,3.00,3.46,3.19
Vietnam,2016,Asia,2.98,64,2.75,2.70,3.12,2.88,3.50,2.84
Uruguay,2016,South America,2.97,65,2.78,2.79,2.91,3.01,3.47,2.84
Argentina,2016,South America,2.96,66,2.63,2.86,2.76,2.83,3.47,3.26
Jordan,2016,Middle East,2.96,67,2.55,2.77,3.17,2.89,3.34,2.96
Pakistan,2016,Asia,2.92,68,2.66,2.70,2.93,2.82,3.48,2.91
Peru,2016,South America,2.89,69,2.76,2.62,2.91,2.87,3.23,2.94
Brunei Darussalam,2016,Asia,2.87,70,2.78,2.75,3.00,2.57,3.19,2.91
Philippines,2016,Asia,2.86,71,2.61,2.55,3.01,2.70,3.35,2.86
Bulgaria,2016,Europe,2.81,72,2.40,2.35,2.93,3.06,3.31,2.72
Cambodia,2016,Asia,2.80,73,2.62,2.36,3.11,2.60,3.30,2.70
Ecuador,2016,South America,2.78,74,2.64,2.47,2.95,2.66,3.23,2.65
Algeria,2016,Africa,2.77,75,2.37,2.58,2.80,2.91,3.08,2.86
Serbia,2016,Europe,2.76,76,2.50,2.49,2.63,2.79,3.23,2.92
Kazakhstan,2016,Asia,2.75,77,2.52,2.76,2.75,2.57,3.06,2.86
"Bahamas, The",2016,Caribbean,2.75,78,2.65,2.72,2.80,2.74,2.93,2.64
Namibia,2016,Africa,2.74,79,2.65,2.76,2.69,2.63,3.19,2.52
Ukraine,2016,Europe,2.74,80,2.30,2.49,2.59,2.55,3.51,2.96
Burkina Faso,2016,Africa,2.73,81,2.55,2.67,2.73,2.78,3.13,2.49
Lebanon,2016,Middle East,2.72,82,2.73,2.64,2.84,2.45,2.86,2.75
El Salvador,2016,Central America,2.71,83,2.37,2.25,2.82,2.66,3.29,2.78
Mozambique,2016,Africa,2.68,84,2.49,2.24,3.06,2.44,3.04,2.75
Guyana,2016,South America,2.67,85,2.40,2.24,2.66,2.66,3.12,2.90
Morocco,2016,Africa,2.67,86,2.22,2.46,3.09,2.59,3.20,2.34
Bangladesh,2016,Asia,2.66,87,2.57,2.48,2.73,2.67,2.90,2.59
Ghana,2016,Africa,2.66,88,2.46,2.48,2.71,2.54,3.21,2.52
Costa Rica,2016,Central America,2.65,89,2.33,2.32,2.89,2.55,2.98,2.77
Nigeria,2016,Africa,2.63,90,2.46,2.40,2.43,2.74,3.04,2.70
Dominican Republic,2016,Caribbean,2.63,91,2.39,2.29,2.67,2.68,3.06,2.63
Togo,2016,Africa,2.62,92,2.49,2.24,2.62,2.46,3.24,2.60
Moldova,2016,Europe,2.61,93,2.39,2.35,2.60,2.48,3.16,2.67
Colombia,2016,South America,2.61,94,2.21,2.43,2.55,2.67,3.23,2.55
Côte d'Ivoire,2016,Africa,2.60,95,2.67,2.46,2.54,2.62,2.71,2.62
"Iran, Islamic Rep.",2016,Middle East,2.60,96,2.33,2.67,2.67,2.67,2.81,2.44
Bosnia and Herzegovina,2016,Europe,2.60,97,2.69,2.61,2.28,2.52,2.94,2.56
Comoros,2016,Africa,2.58,98,2.63,2.36,2.58,2.60,2.82,2.44
Russian Federation,2016,Europe,2.57,99,2.01,2.43,2.45,2.76,3.15,2.62
Niger,2016,Africa,2.56,100,2.59,2.22,2.63,2.50,3.02,2.35
Paraguay,2016,South America,2.56,101,2.38,2.45,2.58,2.69,2.93,2.30
Nicaragua,2016,Central America,2.53,102,2.48,2.50,2.50,2.55,2.68,2.47
Sudan,2016,Africa,2.53,103,2.23,2.20,2.57,2.36,3.28,2.49
Maldives,2016,Asia,2.51,104,2.39,2.57,2.34,2.44,2.88,2.49
Papua New Guinea,2016,Oceania,2.51,105,2.55,2.32,2.46,2.35,2.78,2.58
"Macedonia, FYR",2016,Europe,2.51,106,2.21,2.58,2.45,2.36,3.13,2.32
Burundi,2016,Africa,2.51,107,2.02,1.98,2.42,2.46,3.45,2.68
Mongolia,2016,Asia,2.51,108,2.39,2.05,2.37,2.31,3.40,2.47
Mali,2016,Africa,2.50,109,2.45,2.30,2.48,2.46,2.93,2.36
Tunisia,2016,Africa,2.50,110,1.96,2.44,2.33,2.59,3.00,2.67
Guatemala,2016,Central America,2.48,111,2.47,2.20,2.41,2.30,2.98,2.46
Honduras,2016,Central America,2.46,112,2.21,2.04,2.58,2.44,2.91,2.53
Myanmar,2016,Asia,2.46,113,2.43,2.33,2.23,2.36,2.85,2.57
Zambia,2016,Africa,2.43,114,2.25,2.26,2.51,2.42,2.74,2.36
Benin,2016,Africa,2.43,115,2.20,2.39,2.55,2.47,2.69,2.23
Solomon Islands,2016,Oceania,2.42,116,2.60,2.21,2.28,2.43,2.76,2.18
Albania,2016,Europe,2.41,117,2.23,1.98,2.48,2.48,3.05,2.15
Uzbekistan,2016,Asia,2.40,118,2.32,2.45,2.36,2.39,2.83,2.05
Jamaica,2016,Caribbean,2.40,119,2.37,2.23,2.44,2.31,2.64,2.38
Belarus,2016,Europe,2.40,120,2.06,2.10,2.62,2.32,3.04,2.16
Trinidad and Tobago,2016,Caribbean,2.40,121,2.38,2.34,2.31,2.28,2.79,2.28
"Venezuela, RB",2016,South America,2.39,122,1.99,2.35,2.47,2.34,2.71,2.48
Montenegro,2016,Europe,2.38,123,2.22,2.07,2.56,2.31,2.69,2.37
Nepal,2016,Asia,2.38,124,1.93,2.27,2.50,2.13,2.93,2.47
"Congo, Rep.",2016,Africa,2.38,125,2.00,2.60,2.37,2.26,2.57,2.48
Ethiopia,2016,Africa,2.38,126,2.60,2.12,2.56,2.37,2.37,2.18
"Congo, Dem, Rep.",2016,Africa,2.38,127,2.22,2.01,2.33,2.33,2.94,2.37
Guinea-Bissau,2016,Africa,2.37,128,2.44,1.91,2.57,2.07,2.74,2.41
Guinea,2016,Africa,2.36,129,2.28,2.01,2.38,2.54,2.38,2.54
Georgia,2016,Europe,2.35,130,2.26,2.17,2.35,2.08,2.80,2.44
Cuba,2016,Caribbean,2.35,131,2.38,2.31,2.31,2.25,2.51,2.31
Senegal,2016,Africa,2.33,132,2.31,2.23,2.25,2.39,2.61,2.15
São Tomé and Principe,2016,Africa,2.33,133,2.24,2.12,2.26,2.42,2.75,2.14
Djibouti,2016,Africa,2.32,134,2.37,2.30,2.48,1.96,2.69,2.09
Bhutan,2016,Asia,2.32,135,2.21,1.96,2.50,2.30,2.70,2.20
Fiji,2016,Oceania,2.32,136,2.33,2.25,2.21,2.25,2.60,2.25
Libya,2016,Africa,2.26,137,1.88,2.04,2.40,2.50,2.83,1.85
Bolivia,2016,South America,2.25,138,1.97,2.11,2.40,1.90,2.79,2.31
Angola,2016,Africa,2.24,139,1.80,2.13,2.37,2.31,2.59,2.21
Turkmenistan,2016,Asia,2.21,140,2.00,2.34,2.37,2.09,2.59,1.84
Armenia,2016,Asia,2.21,141,1.95,2.22,2.22,2.21,2.60,2.02
Liberia,2016,Africa,2.20,142,2.07,2.01,2.22,2.07,2.73,2.07
Gabon,2016,Africa,2.19,143,2.07,2.05,2.28,2.12,2.52,2.07
Eritrea,2016,Africa,2.17,144,2.01,2.06,2.16,2.25,2.50,2.03
Chad,2016,Africa,2.16,145,2.08,2.07,2.41,2.06,2.25,2.07
Kyrgyz Republic,2016,Asia,2.16,146,1.80,1.96,2.10,1.96,2.72,2.39
Madagascar,2016,Africa,2.15,147,2.33,2.12,2.17,1.93,2.35,2.01
Cameroon,2016,Africa,2.15,148,2.09,2.21,1.98,2.32,2.29,2.04
Iraq,2016,Middle East,2.15,149,2.01,1.87,2.33,1.97,2.66,1.98
Afghanistan,2016,Asia,2.14,150,2.01,1.84,2.38,2.15,2.61,1.77
Zimbabwe,2016,Africa,2.08,151,2.00,2.21,2.08,2.13,2.13,1.95
Lao PDR,2016,Asia,2.07,152,1.85,1.76,2.18,2.10,2.68,1.76
Tajikistan,2016,Asia,2.06,153,1.93,2.13,2.12,2.12,2.04,2.04
Lesotho,2016,Africa,2.03,154,1.91,1.96,1.84,2.16,2.35,1.92
Sierra Leone,2016,Africa,2.03,155,1.91,2.07,2.31,1.85,2.23,1.74
Equatorial Guinea,2016,Africa,1.88,156,1.88,1.50,1.89,1.75,2.32,1.89
Mauritania,2016,Africa,1.87,157,2.14,1.54,2.00,1.74,2.14,1.54
Somalia,2016,Africa,1.75,158,1.29,1.57,1.86,1.85,2.35,1.51
Haiti,2016,Caribbean,1.72,159,1.70,1.47,1.81,1.68,2.02,1.56
Syrian Arab Republic,2016,Middle East,1.60,160,1.11,1.24,1.36,1.39,2.40,2.10
Germany,2014,Europe,4.12,1,4.10,4.32,3.74,4.12,4.36,4.17
Netherlands,2014,Europe,4.05,2,3.96,4.23,3.64,4.13,4.34,4.07
Belgium,2014,Europe,4.04,3,3.80,4.10,3.80,4.11,4.39,4.11
United Kingdom,2014,Europe,4.01,4,3.94,4.16,3.63,4.03,4.33,4.08
Singapore,2014,Asia,4.00,5,4.01,4.28,3.70,3.97,4.25,3.90
Sweden,2014,Europe,3.96,6,3.75,4.09,3.76,3.98,4.26,3.98
Norway,2014,Europe,3.96,7,4.21,4.19,3.42,4.19,4.36,3.50
Luxembourg,2014,Europe,3.95,8,3.82,3.91,3.82,3.78,4.71,3.68
United States,2014,North America,3.92,9,3.73,4.18,3.45,3.97,4.14,4.14
Japan,2014,Asia,3.91,10,3.78,4.16,3.52,3.93,4.24,3.95
Ireland,2014,Europe,3.87,11,3.80,3.84,3.44,3.94,4.13,4.13
Canada,2014,North America,3.86,12,3.61,4.05,3.46,3.94,4.18,3.97
France,2014,Europe,3.85,13,3.65,3.98,3.68,3.75,4.17,3.89
Switzerland,2014,Europe,3.84,14,3.92,4.04,3.58,3.75,4.06,3.79
"Hong Kong SAR, China",2014,Asia,3.83,15,3.72,3.97,3.58,3.81,4.06,3.87
Australia,2014,Oceania,3.81,16,3.85,4.00,3.52,3.75,4.00,3.81
Denmark,2014,Europe,3.78,17,3.79,3.82,3.65,3.74,4.39,3.36
Spain,2014,Europe,3.72,18,3.63,3.77,3.51,3.83,4.07,3.54
Taiwan,2014,Asia,3.72,19,3.55,3.64,3.71,3.60,4.02,3.79
Italy,2014,Europe,3.69,20,3.36,3.78,3.54,3.62,4.05,3.84
"Korea, Rep.",2014,Asia,3.67,21,3.47,3.79,3.44,3.66,4.00,3.69
Austria,2014,Europe,3.65,22,3.53,3.64,3.26,3.56,4.04,3.93
New Zealand,2014,Oceania,3.64,23,3.92,3.67,3.67,3.56,3.72,3.33
Finland,2014,Europe,3.62,24,3.89,3.52,3.52,3.72,3.80,3.31
Malaysia,2014,Asia,3.59,25,3.37,3.56,3.64,3.47,3.92,3.58
Portugal,2014,Europe,3.56,26,3.26,3.37,3.43,3.71,3.87,3.71
United Arab Emirates,2014,Middle East,3.54,27,3.42,3.70,3.20,3.50,3.92,3.57
China,2014,Asia,3.53,28,3.21,3.67,3.50,3.46,3.87,3.50
Qatar,2014,Middle East,3.52,29,3.21,3.44,3.55,3.55,3.87,3.47
Turkey,2014,Europe,3.50,30,3.23,3.53,3.18,3.64,3.68,3.77
Poland,2014,Europe,3.49,31,3.26,3.08,3.46,3.47,4.13,3.54
Czech Republic,2014,Europe,3.49,32,3.24,3.29,3.59,3.51,3.73,3.56
Hungary,2014,Europe,3.46,33,2.97,3.18,3.40,3.33,4.06,3.82
South Africa,2014,Africa,3.43,34,3.11,3.20,3.45,3.62,3.88,3.30
Thailand,2014,Asia,3.43,35,3.21,3.40,3.30,3.29,3.96,3.45
Latvia,2014,Europe,3.40,36,3.22,3.03,3.38,3.21,4.06,3.50
Iceland,2014,Europe,3.39,37,3.54,3.34,3.15,3.46,3.51,3.38
Slovenia,2014,Europe,3.38,38,3.11,3.35,3.05,3.51,3.82,3.51
Estonia,2014,Europe,3.35,39,3.40,3.34,3.34,3.27,3.55,3.20
Romania,2014,Europe,3.26,40,2.83,2.77,3.32,3.20,4.00,3.39
Israel,2014,Middle East,3.26,41,3.10,3.11,2.71,3.35,4.18,3.20
Chile,2014,South America,3.26,42,3.17,3.17,3.12,3.19,3.59,3.30
Slovak Republic,2014,Europe,3.25,43,2.89,3.22,3.30,3.16,3.94,3.02
Greece,2014,Europe,3.20,44,3.36,3.17,2.97,3.23,3.50,3.03
Panama,2014,Central America,3.19,45,3.15,3.00,3.18,2.87,3.63,3.34
Lithuania,2014,Europe,3.18,46,3.04,3.18,3.10,2.99,3.60,3.17
Bulgaria,2014,Europe,3.16,47,2.75,2.94,3.31,3.00,4.04,2.88
Vietnam,2014,Asia,3.15,48,2.81,3.11,3.22,3.09,3.49,3.19
Saudi Arabia,2014,Middle East,3.15,49,2.86,3.34,2.93,3.11,3.55,3.15
Mexico,2014,North America,3.13,50,2.69,3.04,3.19,3.12,3.57,3.14
Malta,2014,Europe,3.11,51,3.00,3.08,3.23,3.00,3.15,3.15
Bahrain,2014,Middle East,3.08,52,3.29,3.04,3.04,3.04,2.80,3.29
Indonesia,2014,Asia,3.08,53,2.87,2.92,2.87,3.21,3.53,3.11
India,2014,Asia,3.08,54,2.72,2.88,3.20,3.03,3.51,3.11
Croatia,2014,Europe,3.05,55,2.95,2.92,2.98,3.00,3.37,3.11
Kuwait,2014,Middle East,3.01,56,2.69,3.16,2.76,2.96,3.39,3.16
Philippines,2014,Asia,3.00,57,3.00,2.60,3.33,2.93,3.07,3.00
Cyprus,2014,Europe,3.00,58,2.88,2.87,3.01,2.92,3.31,3.00
Oman,2014,Middle East,3.00,59,2.63,2.88,3.41,2.84,3.29,2.84
Argentina,2014,South America,2.99,60,2.55,2.83,2.96,2.93,3.49,3.15
Ukraine,2014,Europe,2.98,61,2.69,2.65,2.95,2.84,3.51,3.20
"Egypt, Arab Rep.",2014,Africa,2.97,62,2.85,2.86,2.87,2.99,2.99,3.23
Serbia,2014,Europe,2.96,63,2.37,2.73,3.12,3.02,3.55,2.94
El Salvador,2014,Central America,2.96,64,2.93,2.63,3.20,3.16,2.75,3.00
Brazil,2014,South America,2.94,65,2.48,2.93,2.80,3.05,3.39,3.03
"Bahamas, The",2014,Caribbean,2.91,66,3.00,2.74,2.96,2.92,3.19,2.64
Montenegro,2014,Europe,2.88,67,2.83,2.84,3.15,2.45,3.19,2.76
Jordan,2014,Middle East,2.87,68,2.60,2.59,2.96,2.94,3.46,2.67
Dominican Republic,2014,Caribbean,2.86,69,2.58,2.61,2.93,2.91,3.18,2.91
Jamaica,2014,Caribbean,2.84,70,2.88,2.84,2.79,2.72,3.14,2.72
Peru,2014,South America,2.84,71,2.47,2.72,2.94,2.78,3.30,2.81
Pakistan,2014,Asia,2.83,72,2.84,2.67,3.08,2.79,2.79,2.73
Malawi,2014,Africa,2.81,73,2.79,3.04,2.63,2.86,2.99,2.63
Kenya,2014,Africa,2.81,74,1.96,2.40,3.15,2.65,3.58,3.03
Nigeria,2014,Africa,2.81,75,2.35,2.56,2.63,2.70,3.46,3.16
"Venezuela, RB",2014,South America,2.81,76,2.39,2.61,2.94,2.76,3.18,2.92
Guatemala,2014,Central America,2.80,77,2.75,2.54,2.87,2.68,3.24,2.68
Paraguay,2014,South America,2.78,78,2.49,2.46,2.83,2.76,3.22,2.89
Côte d'Ivoire,2014,Africa,2.76,79,2.33,2.41,2.87,2.62,3.31,2.97
Rwanda,2014,Africa,2.76,80,2.50,2.32,2.78,2.64,3.34,2.94
Bosnia and Herzegovina,2014,Europe,2.75,81,2.41,2.55,2.78,2.73,3.44,2.55
Maldives,2014,Asia,2.75,82,2.95,2.56,2.92,2.79,2.51,2.70
Cambodia,2014,Asia,2.74,83,2.67,2.58,2.83,2.67,2.75,2.92
São Tomé and Principe,2014,Africa,2.73,84,2.42,2.59,2.95,2.50,2.77,3.13
Lebanon,2014,Middle East,2.73,85,2.29,2.53,2.53,2.89,2.89,3.22
Ecuador,2014,South America,2.71,86,2.49,2.50,2.79,2.61,3.18,2.67
Costa Rica,2014,Central America,2.70,87,2.39,2.43,2.63,2.86,3.04,2.83
Kazakhstan,2014,Asia,2.70,88,2.33,2.38,2.68,2.72,3.24,2.83
Sri Lanka,2014,Asia,2.70,89,2.56,2.23,2.56,2.91,3.12,2.76
Russian Federation,2014,Europe,2.69,90,2.20,2.59,2.64,2.74,3.14,2.85
Uruguay,2014,South America,2.68,91,2.39,2.51,2.64,2.58,3.06,2.89
Armenia,2014,Asia,2.67,92,2.63,2.38,2.75,2.75,3.00,2.50
Namibia,2014,Africa,2.66,93,2.27,2.57,2.70,2.69,3.15,2.56
Moldova,2014,Europe,2.65,94,2.46,2.55,3.14,2.44,2.89,2.35
Nicaragua,2014,Central America,2.65,95,2.66,2.20,2.69,2.58,3.17,2.58
Algeria,2014,Africa,2.65,96,2.71,2.54,2.54,2.54,3.04,2.54
Colombia,2014,South America,2.64,97,2.59,2.44,2.72,2.64,2.87,2.55
Burkina Faso,2014,Africa,2.64,98,2.50,2.35,2.63,2.63,3.21,2.49
Belarus,2014,Europe,2.64,99,2.50,2.55,2.74,2.46,3.05,2.51
Ghana,2014,Africa,2.63,100,2.22,2.67,2.73,2.37,2.86,2.90
Senegal,2014,Africa,2.62,101,2.61,2.30,3.03,2.53,2.53,2.65
Liberia,2014,Africa,2.62,102,2.57,2.57,2.57,2.86,2.57,2.57
Honduras,2014,Central America,2.61,103,2.70,2.24,2.79,2.47,2.79,2.61
Ethiopia,2014,Africa,2.59,104,2.42,2.17,2.50,2.62,3.17,2.67
Nepal,2014,Asia,2.59,105,2.31,2.26,2.64,2.50,3.06,2.72
Solomon Islands,2014,Oceania,2.59,106,2.49,2.46,2.22,2.72,2.96,2.72
Burundi,2014,Africa,2.57,107,2.60,2.40,2.60,2.51,2.76,2.51
Bangladesh,2014,Asia,2.56,108,2.09,2.11,2.82,2.64,3.18,2.45
Benin,2014,Africa,2.56,109,2.64,2.35,2.69,2.35,2.85,2.45
Tunisia,2014,Africa,2.55,110,2.02,2.30,2.91,2.42,3.16,2.42
Fiji,2014,Oceania,2.55,111,2.40,2.47,2.72,2.22,2.97,2.47
Angola,2014,Africa,2.54,112,2.37,2.11,2.79,2.31,3.02,2.59
Chad,2014,Africa,2.53,113,2.46,2.33,2.33,2.34,3.02,2.71
Tajikistan,2014,Asia,2.53,114,2.35,2.36,2.73,2.47,2.74,2.47
Mauritius,2014,Africa,2.51,115,2.25,2.50,2.63,2.48,2.88,2.34
Georgia,2014,Europe,2.51,116,2.21,2.42,2.32,2.44,3.09,2.59
"Macedonia, FYR",2014,Europe,2.50,117,2.35,2.50,2.38,2.51,2.81,2.46
Libya,2014,Africa,2.50,118,2.41,2.29,2.29,2.29,2.85,2.85
Mali,2014,Africa,2.50,119,2.08,2.20,2.80,2.20,2.90,2.70
Botswana,2014,Africa,2.49,120,2.38,2.23,2.42,2.58,2.94,2.40
Bolivia,2014,South America,2.48,121,2.40,2.17,2.35,2.68,2.60,2.68
Guinea,2014,Africa,2.46,122,2.34,2.10,2.47,2.35,3.10,2.41
Zambia,2014,Africa,2.46,123,2.54,2.31,2.13,2.47,2.91,2.47
Guyana,2014,South America,2.46,124,2.46,2.40,2.43,2.27,2.74,2.47
Azerbaijan,2014,Asia,2.45,125,2.57,2.71,2.57,2.14,2.57,2.14
Papua New Guinea,2014,Oceania,2.43,126,2.40,2.23,2.47,2.47,2.73,2.27
Guinea-Bissau,2014,Africa,2.43,127,2.43,2.29,2.29,2.57,2.71,2.29
Comoros,2014,Africa,2.40,128,2.58,2.30,2.51,2.26,2.37,2.37
Uzbekistan,2014,Asia,2.39,129,1.80,2.01,2.23,2.37,3.08,2.87
Niger,2014,Africa,2.39,130,2.49,2.08,2.38,2.28,2.76,2.36
Lao PDR,2014,Asia,2.39,131,2.45,2.21,2.50,2.31,2.65,2.20
Madagascar,2014,Africa,2.38,132,2.06,2.15,2.38,2.33,3.07,2.29
Lesotho,2014,Africa,2.37,133,2.22,2.35,2.48,2.23,2.60,2.35
Central African Republic,2014,Africa,2.36,134,2.47,2.50,2.16,2.31,2.47,2.31
Mongolia,2014,Asia,2.36,135,2.20,2.29,2.62,2.33,2.51,2.13
Equatorial Guinea,2014,Africa,2.35,136,2.35,2.11,2.11,2.20,2.86,2.53
Zimbabwe,2014,Africa,2.34,137,1.89,2.25,2.25,2.50,2.93,2.22
Tanzania,2014,Africa,2.33,138,2.19,2.32,2.32,2.18,2.89,2.11
Togo,2014,Africa,2.32,139,2.09,2.07,2.47,2.14,2.60,2.49
Turkmenistan,2014,Asia,2.30,140,2.31,2.06,2.56,2.07,2.45,2.32
Iraq,2014,Middle East,2.30,141,1.98,2.18,2.31,2.15,2.85,2.31
Cameroon,2014,Africa,2.30,142,1.86,1.85,2.20,2.52,2.80,2.52
Bhutan,2014,Asia,2.29,143,2.09,2.18,2.38,2.48,2.28,2.28
Haiti,2014,Caribbean,2.27,144,2.25,2.00,2.27,2.14,2.63,2.32
Myanmar,2014,Asia,2.25,145,1.97,2.14,2.14,2.07,2.83,2.36
"Gambia, The",2014,Africa,2.25,146,2.06,2.00,2.67,2.22,2.46,2.00
Mozambique,2014,Africa,2.23,147,2.26,2.15,2.08,2.10,2.74,2.08
Mauritania,2014,Africa,2.23,148,1.93,2.40,2.07,2.06,2.75,2.23
Kyrgyz Republic,2014,Asia,2.21,149,2.03,2.05,2.43,2.13,2.36,2.20
Gabon,2014,Africa,2.20,150,2.00,2.08,2.58,2.25,2.31,1.92
"Yemen, Rep.",2014,Middle East,2.18,151,1.63,1.87,2.35,2.21,2.78,2.21
Cuba,2014,Caribbean,2.18,152,2.17,1.84,2.47,2.08,2.45,1.99
Sudan,2014,Africa,2.16,153,1.87,1.90,2.23,2.18,2.33,2.42
Djibouti,2014,Africa,2.15,154,2.20,2.00,1.80,2.21,2.74,2.00
Syrian Arab Republic,2014,Middle East,2.09,155,2.07,2.08,2.15,1.82,2.53,1.90
Eritrea,2014,Africa,2.08,156,1.90,1.68,1.90,2.23,2.79,2.01
"Congo, Rep.",2014,Africa,2.08,157,1.50,1.83,2.17,2.17,2.58,2.17
Afghanistan,2014,Asia,2.07,158,2.16,1.82,1.99,2.12,2.48,1.85
"Congo, Dem. Rep.",2014,Africa,1.88,159,1.78,1.83,1.70,1.84,2.04,2.10
Somalia,2014,Africa,1.77,160,2.00,1.50,1.75,1.75,1.88,1.75
Singapore,2012,Asia,4.13,1,4.10,4.15,3.99,4.07,4.07,4.39
"Hong Kong SAR, China",2012,Asia,4.12,2,3.97,4.12,4.18,4.08,4.09,4.28
Finland,2012,Europe,4.05,3,3.98,4.12,3.85,4.14,4.14,4.10
Germany,2012,Europe,4.03,4,3.87,4.26,3.67,4.09,4.05,4.32
Netherlands,2012,Europe,4.02,5,3.85,4.15,3.86,4.05,4.12,4.15
Denmark,2012,Europe,4.02,6,3.93,4.07,3.70,4.14,4.10,4.21
Belgium,2012,Europe,3.98,7,3.85,4.12,3.73,3.98,4.05,4.20
Japan,2012,Asia,3.93,8,3.72,4.11,3.61,3.97,4.03,4.21
United States,2012,North America,3.93,9,3.67,4.14,3.56,3.96,4.11,4.21
United Kingdom,2012,Europe,3.90,10,3.73,3.95,3.63,3.93,4.00,4.19
Austria,2012,Europe,3.89,11,3.77,4.05,3.71,4.10,3.97,3.79
France,2012,Europe,3.85,12,3.64,3.96,3.73,3.82,3.97,4.02
Sweden,2012,Europe,3.85,13,3.68,4.13,3.39,3.90,3.82,4.26
Canada,2012,North America,3.85,14,3.58,3.99,3.55,3.85,3.86,4.31
Luxembourg,2012,Europe,3.82,15,3.54,3.79,3.70,3.82,3.91,4.19
Switzerland,2012,Europe,3.80,16,3.88,3.98,3.46,3.71,3.83,4.01
United Arab Emirates,2012,Middle East,3.78,17,3.61,3.84,3.59,3.74,3.81,4.10
Australia,2012,Oceania,3.73,18,3.60,3.83,3.40,3.75,3.79,4.05
Taiwan,2012,Asia,3.71,19,3.42,3.77,3.58,3.68,3.72,4.10
Spain,2012,Europe,3.70,20,3.40,3.74,3.68,3.69,3.67,4.02
"Korea, Rep.",2012,Asia,3.70,21,3.42,3.74,3.67,3.65,3.68,4.02
Norway,2012,Europe,3.68,22,3.46,3.86,3.49,3.57,3.67,4.09
South Africa,2012,Africa,3.67,23,3.35,3.79,3.50,3.56,3.83,4.03
Italy,2012,Europe,3.67,24,3.34,3.74,3.53,3.65,3.73,4.05
Ireland,2012,Europe,3.52,25,3.40,3.35,3.40,3.54,3.65,3.77
China,2012,Asia,3.52,26,3.25,3.61,3.46,3.47,3.52,3.80
Turkey,2012,Europe,3.51,27,3.16,3.62,3.38,3.52,3.54,3.87
Portugal,2012,Europe,3.50,28,3.19,3.42,3.43,3.48,3.60,3.88
Malaysia,2012,Asia,3.49,29,3.28,3.43,3.40,3.45,3.54,3.86
Poland,2012,Europe,3.43,30,3.30,3.10,3.47,3.30,3.32,4.04
New Zealand,2012,Oceania,3.42,31,3.47,3.42,3.27,3.25,3.58,3.55
Iceland,2012,Europe,3.39,32,3.53,3.39,3.01,3.47,3.39,3.62
Qatar,2012,Middle East,3.32,33,3.12,3.23,2.88,3.25,3.50,4.00
Slovenia,2012,Europe,3.29,34,3.05,3.24,3.34,3.25,3.20,3.60
Cyprus,2012,Europe,3.24,35,3.02,3.17,3.21,3.17,3.36,3.54
Bulgaria,2012,Europe,3.21,36,2.97,3.20,3.25,3.10,3.16,3.56
Saudi Arabia,2012,Middle East,3.18,37,2.79,3.22,3.10,2.99,3.21,3.76
Thailand,2012,Asia,3.18,38,2.96,3.08,3.21,2.98,3.18,3.63
Chile,2012,South America,3.17,39,3.11,3.18,3.06,3.00,3.22,3.47
Hungary,2012,Europe,3.17,40,2.82,3.14,2.99,3.18,3.52,3.41
Tunisia,2012,Africa,3.17,41,3.13,2.88,2.88,3.13,3.25,3.75
Croatia,2012,Europe,3.16,42,3.06,3.35,2.95,2.92,3.20,3.54
Malta,2012,Europe,3.16,43,2.81,3.10,3.17,3.01,3.05,3.79
Czech Republic,2012,Europe,3.14,44,2.95,2.96,3.01,3.34,3.17,3.40
Brazil,2012,South America,3.13,45,2.51,3.07,3.12,3.12,3.42,3.55
India,2012,Asia,3.08,46,2.77,2.87,2.98,3.14,3.09,3.58
Mexico,2012,North America,3.06,47,2.63,3.03,3.07,3.02,3.15,3.47
Bahrain,2012,Middle East,3.05,48,2.67,3.08,2.83,2.94,3.42,3.42
Argentina,2012,South America,3.05,49,2.45,2.94,3.33,2.95,3.30,3.27
Morocco,2012,Africa,3.03,50,2.64,3.14,3.01,2.89,3.01,3.51
Slovak Republic,2012,Europe,3.03,51,2.88,2.99,2.84,3.07,2.84,3.57
Philippines,2012,Asia,3.02,52,2.63,2.80,2.97,3.14,3.30,3.30
Vietnam,2012,Asia,3.00,53,2.65,2.68,3.14,2.68,3.16,3.64
Romania,2012,Europe,3.00,54,2.65,2.51,2.99,2.83,3.10,3.82
Bosnia and Herzegovina,2012,Europe,2.99,55,2.65,2.86,3.00,2.93,2.81,3.61
Uruguay,2012,South America,2.98,56,2.99,2.87,2.91,2.98,2.98,3.16
"Egypt, Arab Rep.",2012,Africa,2.98,57,2.60,3.07,3.00,2.95,2.86,3.39
Lithuania,2012,Europe,2.95,58,2.73,2.58,2.97,2.91,2.73,3.70
Indonesia,2012,Asia,2.94,59,2.53,2.54,2.97,2.85,3.12,3.61
Peru,2012,South America,2.94,60,2.68,2.73,2.87,2.91,2.99,3.40
Panama,2012,Central America,2.93,61,2.56,2.94,2.76,2.84,3.01,3.47
Oman,2012,Middle East,2.89,62,3.10,2.96,2.78,2.73,2.59,3.17
"Yemen, Rep.",2012,Middle East,2.89,63,2.29,2.62,3.14,2.79,3.12,3.29
Colombia,2012,South America,2.87,64,2.65,2.72,2.76,2.95,2.66,3.45
Estonia,2012,Europe,2.86,65,2.51,2.79,2.82,2.82,3.00,3.23
Ukraine,2012,Europe,2.85,66,2.41,2.69,2.72,2.85,3.15,3.31
Benin,2012,Africa,2.85,67,2.59,2.57,2.44,2.90,2.87,3.74
Botswana,2012,Africa,2.84,68,2.82,2.82,2.53,2.74,2.73,3.43
Greece,2012,Europe,2.83,69,2.38,2.88,2.69,2.76,2.98,3.32
Kuwait,2012,Middle East,2.83,70,2.73,2.82,2.68,2.68,2.98,3.11
Pakistan,2012,Asia,2.83,71,2.85,2.69,2.86,2.77,2.61,3.14
Mauritius,2012,Africa,2.82,72,2.58,2.83,2.50,2.67,2.83,3.52
Malawi,2012,Africa,2.81,73,2.51,2.78,3.01,2.85,2.56,3.09
Guatemala,2012,Central America,2.80,74,2.62,2.59,2.82,2.78,2.80,3.19
Serbia,2012,Europe,2.80,75,2.39,2.62,2.76,2.80,3.07,3.14
Latvia,2012,Europe,2.78,76,2.71,2.52,2.72,2.64,2.97,3.08
Georgia,2012,Europe,2.77,77,2.90,2.85,2.68,2.78,2.59,2.86
Albania,2012,Europe,2.77,78,2.43,2.43,2.84,2.65,2.65,3.58
Ecuador,2012,South America,2.76,79,2.36,2.62,2.86,2.65,2.58,3.42
"Bahamas, The",2012,Caribbean,2.75,80,2.69,2.77,2.72,2.69,2.65,2.99
Sri Lanka,2012,Asia,2.75,81,2.58,2.50,3.00,2.80,2.65,2.90
Costa Rica,2012,Central America,2.75,82,2.47,2.60,2.85,2.53,2.81,3.19
Côte d'Ivoire,2012,Africa,2.73,83,2.31,2.31,2.90,2.73,2.69,3.36
Madagascar,2012,Africa,2.72,84,2.80,2.40,2.40,2.80,2.80,3.13
Dominican Republic,2012,Caribbean,2.70,85,2.53,2.61,2.83,2.74,2.49,2.97
Kazakhstan,2012,Asia,2.69,86,2.58,2.60,2.67,2.75,2.83,2.73
Niger,2012,Africa,2.69,87,2.67,2.45,2.91,2.49,2.49,3.07
Tanzania,2012,Africa,2.65,88,2.17,2.41,2.91,2.64,2.77,2.97
Namibia,2012,Africa,2.65,89,2.73,2.72,2.49,2.65,2.85,2.52
Bolivia,2012,South America,2.61,90,2.40,2.39,2.60,2.58,2.73,2.95
Belarus,2012,Europe,2.61,91,2.24,2.78,2.58,2.65,2.58,2.87
Syrian Arab Republic,2012,Middle East,2.60,92,2.33,2.54,2.62,2.48,2.35,3.26
El Salvador,2012,Central America,2.60,93,2.28,2.46,2.57,2.60,2.60,3.08
Guinea-Bissau,2012,Africa,2.60,94,2.39,2.68,2.61,2.58,2.58,2.74
Russian Federation,2012,Europe,2.58,95,2.04,2.45,2.59,2.65,2.76,3.02
Lebanon,2012,Middle East,2.58,96,2.21,2.41,2.71,2.38,2.61,3.11
Togo,2012,Africa,2.58,97,2.29,2.46,3.13,2.29,2.46,2.77
Central African Republic,2012,Africa,2.57,98,2.45,2.09,2.33,2.70,2.48,3.33
"Macedonia, FYR",2012,Europe,2.56,99,2.24,2.60,2.66,2.66,2.41,2.79
Armenia,2012,Asia,2.56,100,2.27,2.38,2.65,2.40,2.57,3.07
Cambodia,2012,Asia,2.56,101,2.30,2.20,2.61,2.50,2.77,2.95
Jordan,2012,Middle East,2.56,102,2.27,2.48,2.88,2.17,2.55,2.92
Zimbabwe,2012,Africa,2.55,103,2.31,2.20,2.67,2.27,2.50,3.27
Maldives,2012,Asia,2.55,104,2.24,2.47,2.47,2.68,2.43,2.96
Honduras,2012,Central America,2.53,105,2.39,2.35,2.70,2.44,2.35,2.90
Cameroon,2012,Africa,2.53,106,2.37,2.24,2.37,2.41,2.55,3.19
Bhutan,2012,Asia,2.52,107,2.29,2.29,2.61,2.42,2.56,2.90
Ghana,2012,Africa,2.51,108,2.33,2.05,2.81,2.68,2.31,2.76
Lao PDR,2012,Asia,2.50,109,2.38,2.40,2.40,2.49,2.49,2.82
Senegal,2012,Africa,2.49,110,2.46,2.31,2.72,2.55,2.10,2.74
"Venezuela, RB",2012,South America,2.49,111,2.10,2.17,2.54,2.33,2.57,3.18
"Iran, Islamic Rep.",2012,Middle East,2.49,112,2.19,2.42,2.49,2.66,2.49,2.66
Paraguay,2012,South America,2.48,113,2.36,2.41,2.31,2.49,2.59,2.74
São Tomé and Principe,2012,Africa,2.48,114,2.33,2.24,2.33,2.42,2.78,2.78
Guinea,2012,Africa,2.48,115,2.42,2.34,2.67,2.59,2.33,2.50
Azerbaijan,2012,Asia,2.48,116,1.92,2.42,2.43,2.14,2.75,3.23
Uzbekistan,2012,Asia,2.46,117,2.25,2.25,2.38,2.39,2.53,2.96
"Gambia, The",2012,Africa,2.46,118,2.29,1.90,2.63,2.55,2.80,2.55
Liberia,2012,Africa,2.45,119,2.00,2.41,2.54,2.46,2.42,2.84
Montenegro,2012,Europe,2.45,120,2.31,2.30,2.22,2.35,2.62,2.89
Nigeria,2012,Africa,2.45,121,1.97,2.27,2.60,2.52,2.35,2.92
Kenya,2012,Africa,2.43,122,2.08,2.16,2.69,2.38,2.34,2.88
Fiji,2012,Oceania,2.42,123,2.07,2.22,2.41,2.18,2.48,3.12
Jamaica,2012,Caribbean,2.42,124,2.22,2.27,2.43,2.21,2.43,2.91
Algeria,2012,Africa,2.41,125,2.26,2.02,2.68,2.13,2.46,2.85
Solomon Islands,2012,Oceania,2.41,126,2.37,2.03,2.44,2.14,2.39,3.04
Mauritania,2012,Africa,2.40,127,2.33,2.34,2.52,2.28,2.28,2.60
Papua New Guinea,2012,Oceania,2.38,128,1.98,2.20,2.34,2.18,2.51,3.01
Myanmar,2012,Asia,2.37,129,2.24,2.10,2.47,2.42,2.34,2.59
Kyrgyz Republic,2012,Asia,2.35,130,2.45,2.49,2.00,2.25,2.31,2.69
Gabon,2012,Africa,2.34,131,2.00,2.00,2.40,2.40,2.20,3.00
Moldova,2012,Europe,2.33,132,2.17,2.44,2.08,2.15,2.44,2.74
Guyana,2012,South America,2.33,133,2.29,2.15,2.35,2.33,2.14,2.67
Burkina Faso,2012,Africa,2.32,134,2.12,2.40,2.33,2.28,2.13,2.67
Afghanistan,2012,Asia,2.30,135,2.33,2.00,2.33,2.16,2.10,2.80
Tajikistan,2012,Asia,2.28,136,2.43,2.03,2.33,2.22,2.13,2.51
Libya,2012,Africa,2.28,137,2.08,1.75,2.63,2.25,2.38,2.51
Angola,2012,Africa,2.28,138,2.33,2.48,2.26,2.00,2.00,2.59
Rwanda,2012,Africa,2.27,139,2.19,1.88,2.27,2.06,2.39,2.76
Mongolia,2012,Asia,2.25,140,1.98,2.22,2.13,1.88,2.29,2.99
Ethiopia,2012,Africa,2.24,141,2.03,2.22,2.35,2.16,2.10,2.54
Lesotho,2012,Africa,2.24,142,2.00,2.13,2.13,2.42,1.99,2.73
"Congo, Dem. Rep.",2012,Africa,2.21,143,2.10,1.96,2.23,2.17,2.35,2.38
Cuba,2012,Caribbean,2.20,144,2.18,2.08,2.12,2.21,2.26,2.31
Iraq,2012,Middle East,2.16,145,1.75,1.92,2.38,2.19,1.86,2.77
Comoros,2012,Africa,2.14,146,2.00,1.94,1.81,2.20,2.20,2.70
Eritrea,2012,Africa,2.11,147,1.78,1.83,2.63,2.03,1.83,2.43
Sudan,2012,Africa,2.10,148,2.14,2.01,1.93,2.33,1.89,2.31
"Congo, Rep.",2012,Africa,2.08,149,1.80,1.27,1.94,2.15,2.35,2.90
Sierra Leone,2012,Africa,2.08,150,1.73,2.50,1.85,1.98,2.14,2.35
Nepal,2012,Asia,2.04,151,2.20,1.87,1.86,2.12,1.95,2.21
Chad,2012,Africa,2.03,152,1.86,2.00,2.00,2.00,1.57,2.71
Haiti,2012,Caribbean,2.03,153,1.78,1.78,1.94,1.74,2.15,2.74
Djibouti,2012,Africa,1.80,154,1.72,1.51,1.77,1.84,1.73,2.19
Burundi,2012,Africa,1.61,155,1.67,1.68,1.57,1.43,1.67,1.67
Germany,2010,Europe,4.11,1,4.00,4.34,3.66,4.14,4.18,4.48
Singapore,2010,Asia,4.09,2,4.02,4.22,3.86,4.12,4.15,4.23
Sweden,2010,Europe,4.08,3,3.88,4.03,3.83,4.22,4.22,4.32
Netherlands,2010,Europe,4.07,4,3.98,4.25,3.61,4.15,4.12,4.41
Luxembourg,2010,Europe,3.98,5,4.04,4.06,3.67,3.67,3.92,4.58
Switzerland,2010,Europe,3.97,6,3.73,4.17,3.32,4.32,4.27,4.20
Japan,2010,Asia,3.97,7,3.79,4.19,3.55,4.00,4.13,4.26
United Kingdom,2010,Europe,3.95,8,3.74,3.95,3.66,3.92,4.13,4.37
Belgium,2010,Europe,3.94,9,3.83,4.01,3.31,4.13,4.22,4.29
Norway,2010,Europe,3.93,10,3.86,4.22,3.35,3.85,4.10,4.35
Ireland,2010,Europe,3.89,11,3.60,3.76,3.70,3.82,4.02,4.47
Finland,2010,Europe,3.89,12,3.86,4.08,3.41,3.92,4.09,4.08
"Hong Kong, China",2010,Africa,3.88,13,3.83,4.00,3.67,3.83,3.94,4.04
Canada,2010,North America,3.87,14,3.71,4.03,3.24,3.99,4.01,4.41
United States,2010,North America,3.86,15,3.68,4.15,3.21,3.92,4.17,4.19
Denmark,2010,Europe,3.85,16,3.58,3.99,3.46,3.83,3.94,4.38
France,2010,Europe,3.84,17,3.63,4.00,3.30,3.87,4.01,4.37
Australia,2010,Oceania,3.84,18,3.68,3.78,3.78,3.77,3.87,4.16
Austria,2010,Europe,3.76,19,3.49,3.68,3.78,3.70,3.83,4.08
Taiwan,2010,Asia,3.71,20,3.35,3.62,3.64,3.65,4.04,3.95
New Zealand,2010,Oceania,3.65,21,3.64,3.54,3.36,3.54,3.67,4.17
Italy,2010,Europe,3.64,22,3.38,3.72,3.21,3.74,3.83,4.08
"Korea, Rep.",2010,Asia,3.64,23,3.33,3.62,3.47,3.64,3.83,3.97
United Arab Emirates,2010,Middle East,3.63,24,3.49,3.81,3.48,3.53,3.58,3.94
Spain,2010,Europe,3.63,25,3.47,3.58,3.11,3.62,3.96,4.12
Czech Republic,2010,Europe,3.51,26,3.31,3.25,3.42,3.27,3.60,4.16
China,2010,Asia,3.49,27,3.16,3.54,3.31,3.49,3.55,3.91
South Africa,2010,Africa,3.46,28,3.22,3.42,3.26,3.59,3.73,3.57
Malaysia,2010,Asia,3.44,29,3.11,3.50,3.50,3.34,3.32,3.86
Poland,2010,Europe,3.44,30,3.12,2.98,3.22,3.26,3.45,4.52
Israel,2010,Middle East,3.41,31,3.12,3.60,3.17,3.50,3.39,3.77
Bahrain,2010,Middle East,3.37,32,3.05,3.36,3.05,3.36,3.63,3.85
Lebanon,2010,Middle East,3.34,33,3.27,3.05,2.87,3.73,3.16,3.97
Portugal,2010,Europe,3.34,34,3.31,3.17,3.02,3.31,3.38,3.84
Thailand,2010,Asia,3.29,35,3.02,3.16,3.27,3.16,3.41,3.73
Kuwait,2010,Middle East,3.28,36,3.03,3.33,3.12,3.11,3.44,3.70
Latvia,2010,Europe,3.25,37,2.94,2.88,3.38,2.96,3.55,3.72
Slovak Republic,2010,Europe,3.24,38,2.79,3.00,3.05,3.15,3.54,3.92
Turkey,2010,Europe,3.22,39,2.82,3.08,3.15,3.23,3.09,3.94
Saudi Arabia,2010,Middle East,3.22,40,2.91,3.27,2.80,3.33,3.32,3.78
Brazil,2010,South America,3.20,41,2.37,3.10,2.91,3.30,3.42,4.14
Iceland,2010,Europe,3.20,42,3.22,3.33,3.10,3.14,3.14,3.27
Estonia,2010,Europe,3.16,43,3.14,2.75,3.17,3.17,2.95,3.68
Philippines,2010,Asia,3.14,44,2.67,2.57,3.40,2.95,3.29,3.83
Lithuania,2010,Europe,3.13,45,2.79,2.72,3.19,2.85,3.27,3.92
Cyprus,2010,Europe,3.13,46,2.92,2.94,3.13,2.82,3.51,3.44
India,2010,Asia,3.12,47,2.70,2.91,3.13,3.16,3.14,3.61
Argentina,2010,South America,3.10,48,2.63,2.75,3.15,3.03,3.15,3.82
Chile,2010,South America,3.09,49,2.93,2.86,2.74,2.94,3.33,3.80
Mexico,2010,North America,3.05,50,2.55,2.95,2.83,3.04,3.28,3.66
Panama,2010,Central America,3.02,51,2.76,2.63,2.87,2.83,3.26,3.76
Hungary,2010,Europe,2.99,52,2.83,3.08,2.78,2.87,2.87,3.52
Vietnam,2010,Asia,2.96,53,2.68,2.56,3.04,2.89,3.10,3.44
Greece,2010,Europe,2.96,54,2.48,2.94,2.85,2.69,3.31,3.49
Qatar,2010,Middle East,2.95,55,2.25,2.75,2.92,2.57,3.09,4.09
Costa Rica,2010,Central America,2.91,56,2.61,2.56,2.64,2.80,3.13,3.71
Slovenia,2010,Europe,2.87,57,2.59,2.65,2.84,2.90,3.16,3.10
Senegal,2010,Africa,2.86,58,2.45,2.64,2.75,2.73,3.08,3.52
Romania,2010,Europe,2.84,59,2.36,2.25,3.24,2.68,2.90,3.45
Oman,2010,Middle East,2.84,60,3.38,3.06,2.31,2.37,2.04,3.94
Tunisia,2010,Africa,2.84,61,2.43,2.56,3.36,2.36,2.56,3.57
Kazakhstan,2010,Asia,2.83,62,2.38,2.66,3.29,2.60,2.70,3.25
Bulgaria,2010,Europe,2.83,63,2.50,2.30,3.07,2.85,2.96,3.18
Malta,2010,Europe,2.82,64,2.65,2.89,2.91,2.89,2.56,3.02
Dominican Republic,2010,Caribbean,2.82,65,2.51,2.34,2.59,2.42,3.17,3.85
Uganda,2010,Africa,2.82,66,2.84,2.35,3.02,2.59,2.45,3.52
Peru,2010,South America,2.80,67,2.50,2.66,2.75,2.61,2.89,3.38
Uzbekistan,2010,Asia,2.79,68,2.20,2.54,2.79,2.50,2.96,3.72
Benin,2010,Africa,2.79,69,2.38,2.48,2.65,2.64,3.07,3.49
Honduras,2010,Central America,2.78,70,2.39,2.31,2.67,2.57,2.83,3.83
Ecuador,2010,South America,2.77,71,2.32,2.38,2.86,2.60,2.84,3.55
Colombia,2010,South America,2.77,72,2.50,2.59,2.54,2.75,2.75,3.52
"Macedonia, FYR",2010,Europe,2.77,73,2.55,2.55,2.83,2.76,2.82,3.10
Croatia,2010,Europe,2.77,74,2.62,2.36,2.97,2.53,2.82,3.22
Indonesia,2010,Asia,2.76,75,2.43,2.54,2.82,2.47,2.77,3.46
Paraguay,2010,South America,2.75,76,2.37,2.44,2.87,2.59,2.72,3.46
Uruguay,2010,South America,2.75,77,2.71,2.58,2.77,2.59,2.78,3.06
"Bahamas, The",2010,Caribbean,2.75,78,2.38,2.40,2.69,2.69,2.81,3.46
Bangladesh,2010,Asia,2.74,79,2.33,2.49,2.99,2.44,2.64,3.46
Syrian Arab Republic,2010,Middle East,2.74,80,2.37,2.45,2.87,2.59,2.63,3.45
Jordan,2010,Middle East,2.74,81,2.31,2.69,3.11,2.49,2.33,3.39
Mauritius,2010,Africa,2.72,82,2.71,2.29,3.24,2.43,2.57,2.91
Serbia,2010,Europe,2.69,83,2.19,2.30,3.41,2.55,2.67,2.80
"Venezuela, RB",2010,South America,2.68,84,2.06,2.44,3.05,2.53,2.84,3.05
"Congo, Dem. Rep.",2010,Africa,2.68,85,2.60,2.27,2.56,2.93,2.43,3.20
El Salvador,2010,Central America,2.67,86,2.48,2.44,2.18,2.66,2.68,3.63
Bosnia and Herzegovina,2010,Europe,2.66,87,2.33,2.22,3.10,2.30,2.68,3.18
Madagascar,2010,Africa,2.66,88,2.35,2.63,3.06,2.40,2.51,2.90
Azerbaijan,2010,Asia,2.64,89,2.14,2.23,3.05,2.48,2.65,3.15
Guatemala,2010,Central America,2.63,90,2.33,2.37,2.16,2.74,2.71,3.52
Kyrgyz Republic,2010,Asia,2.62,91,2.44,2.09,3.18,2.37,2.33,3.10
"Egypt, Arab Rep.",2010,Africa,2.61,92,2.11,2.22,2.56,2.87,2.56,3.31
Georgia,2010,Europe,2.61,93,2.37,2.17,2.73,2.57,2.67,3.08
Russian Federation,2010,Europe,2.61,94,2.15,2.38,2.72,2.51,2.60,3.23
Tanzania,2010,Africa,2.60,95,2.42,2.00,2.78,2.38,2.56,3.33
Togo,2010,Africa,2.60,96,2.40,1.82,2.42,2.45,3.42,3.02
Guinea,2010,Africa,2.60,97,2.34,2.10,2.43,2.68,2.89,3.10
Haiti,2010,Caribbean,2.59,98,2.12,2.17,3.17,2.46,2.43,3.02
Kenya,2010,Africa,2.59,99,2.23,2.14,2.84,2.28,2.89,3.06
Nigeria,2010,Africa,2.59,100,2.17,2.43,2.84,2.45,2.45,3.10
"Yemen, Rep.",2010,Middle East,2.58,101,2.46,2.35,2.24,2.35,2.63,3.48
Ukraine,2010,Europe,2.57,102,2.02,2.44,2.79,2.59,2.49,3.06
"Iran, Islamic Rep.",2010,Middle East,2.57,103,2.22,2.36,2.44,2.65,2.50,3.26
Moldova,2010,Europe,2.57,104,2.11,2.05,2.83,2.17,3.00,3.17
Cameroon,2010,Africa,2.55,105,2.11,2.10,2.69,2.53,2.60,3.16
Niger,2010,Africa,2.54,106,2.06,2.28,2.66,2.42,2.45,3.28
Nicaragua,2010,Central America,2.54,107,2.24,2.23,2.63,2.31,2.51,3.21
Jamaica,2010,Caribbean,2.53,108,2.00,2.07,2.82,2.32,3.07,2.82
Côte d'Ivoire,2010,Africa,2.53,109,2.16,2.37,2.44,2.57,2.95,2.73
Pakistan,2010,Asia,2.53,110,2.05,2.08,2.91,2.28,2.64,3.08
Armenia,2010,Asia,2.52,111,2.10,2.32,2.43,2.59,2.26,3.40
Bolivia,2010,South America,2.51,112,2.26,2.24,2.53,2.38,2.38,3.20
"Gambia, The",2010,Africa,2.49,113,2.38,2.17,2.54,2.37,2.27,3.15
Turkmenistan,2010,Asia,2.49,114,2.14,2.24,2.31,2.34,2.38,3.51
Chad,2010,Africa,2.49,115,2.27,2.00,2.75,2.04,2.62,3.14
"Congo, Rep.",2010,Africa,2.48,116,2.02,1.62,2.33,2.42,2.33,4.00
Ghana,2010,Africa,2.47,117,2.35,2.52,2.38,2.42,2.51,2.67
Lao PDR,2010,Asia,2.46,118,2.17,1.95,2.70,2.14,2.45,3.23
Albania,2010,Europe,2.46,119,2.07,2.14,2.64,2.39,2.39,3.01
Comoros,2010,Africa,2.45,120,1.96,1.76,2.56,2.26,2.79,3.23
Montenegro,2010,Europe,2.43,121,2.17,2.45,2.54,2.32,2.44,2.65
Gabon,2010,Africa,2.41,122,2.23,2.09,2.29,2.31,2.67,2.87
Ethiopia,2010,Africa,2.41,123,2.13,1.77,2.76,2.14,2.89,2.65
Papua New Guinea,2010,Oceania,2.41,124,2.02,1.91,2.55,2.20,2.43,3.24
Maldives,2010,Asia,2.40,125,2.25,2.16,2.42,2.29,2.42,2.83
Djibouti,2010,Africa,2.39,126,2.25,2.33,2.50,2.17,2.42,2.67
Liberia,2010,Africa,2.38,127,2.28,2.00,2.33,2.16,2.38,3.08
Bhutan,2010,Asia,2.38,128,2.14,1.83,2.44,2.24,2.54,2.99
Cambodia,2010,Asia,2.37,129,2.28,2.12,2.19,2.29,2.50,2.84
Algeria,2010,Africa,2.36,130,1.97,2.06,2.70,2.24,2.26,2.81
Tajikistan,2010,Asia,2.35,131,1.90,2.00,2.42,2.25,2.25,3.16
Libya,2010,Africa,2.33,132,2.15,2.18,2.28,2.28,2.08,2.98
Myanmar,2010,Asia,2.33,133,1.94,1.92,2.37,2.01,2.36,3.29
Botswana,2010,Africa,2.32,134,2.09,2.09,1.91,2.29,2.59,2.99
Solomon Islands,2010,Oceania,2.31,135,2.08,2.23,2.18,2.27,2.03,3.05
Mozambique,2010,Africa,2.29,136,1.95,2.04,2.77,2.20,2.28,2.40
Sri Lanka,2010,Asia,2.29,137,1.96,1.88,2.48,2.09,2.23,2.98
Zambia,2010,Africa,2.28,138,2.17,1.83,2.41,2.01,2.35,2.85
Mali,2010,Africa,2.27,139,2.08,2.00,2.17,2.13,2.31,2.90
Guyana,2010,South America,2.27,140,2.02,1.99,2.31,2.25,2.28,2.70
Mongolia,2010,Asia,2.25,141,1.81,1.94,2.46,2.24,2.42,2.55
Angola,2010,Africa,2.25,142,1.75,1.69,2.38,2.02,2.54,3.01
Afghanistan,2010,Asia,2.24,143,2.22,1.87,2.24,2.09,2.37,2.61
Fiji,2010,Oceania,2.24,144,1.95,1.98,2.48,2.11,1.96,2.82
Burkina Faso,2010,Africa,2.23,145,2.22,1.89,1.73,2.02,2.77,2.77
Sudan,2010,Africa,2.21,146,2.02,1.78,2.11,2.15,2.02,3.09
Nepal,2010,Asia,2.20,147,2.07,1.80,2.21,2.07,2.26,2.74
Iraq,2010,Middle East,2.11,148,2.07,1.73,2.20,2.10,1.96,2.49
Guinea-Bissau,2010,Africa,2.10,149,1.89,1.56,2.75,1.56,1.71,2.91
Cuba,2010,Caribbean,2.07,150,1.79,1.90,2.32,1.88,2.03,2.41
Rwanda,2010,Africa,2.04,151,1.63,1.63,2.88,1.85,1.99,2.05
Namibia,2010,Africa,2.02,152,1.68,1.71,2.20,2.04,2.04,2.38
Sierra Leone,2010,Africa,1.97,153,2.17,1.61,2.33,1.53,1.73,2.33
Eritrea,2010,Africa,1.70,154,1.50,1.35,1.63,1.88,1.55,2.21
Somalia,2010,Africa,1.34,155,1.33,1.50,1.33,1.33,1.17,1.38
